url,title,date,domain,country_1_iso3,country_2_iso3,sentiment_score,sentiment_positive,sentiment_negative,sentiment_neutral,trade_relevance,fetched_at
https://hindi.business-standard.com/companies/industrial/europe-cuts-india-oil-imports-exports-see-record-drop-companies-worried-id-515620,"यूरोप ने घटाई भारत से तेल खरीद, निर्यात में रिकॉर्ड गिरावट; कंपनियों की बढ़ी चिंता",20260401T050000Z,hindi.business-standard.com,IND,GBR,0.7683663755655288,0.8686474561691284,0.10028108060359955,0.031071455776691438,0.0,2026-04-01T12:01:27.311028
https://vietnamnet.vn/en/vietnam-remains-among-fastest-growing-economies-in-southeast-asia-6-2502358.html,Vietnam remains among fastest-growing economies in Southeast Asia-6,20260401T041500Z,vietnamnet.vn,IND,SGP,-0.8671221122145654,0.05933832079172134,0.9264604330062866,0.014201203733682631,1.0,2026-04-01T12:00:29.962105
http://www.bignewsnetwork.com/news/278956883/roundup-s-korea-exports-hit-all-time-high-in-march,Roundup: S. Korea's exports hit all-time high in March,20260401T041500Z,bignewsnetwork.com,IND,JPN,-0.8120780479162931,0.0314781416207552,0.8435561895370484,0.12496564760804175,1.0,2026-04-01T12:03:25.172250
https://english.news.cn/asiapacific/20260401/2677947892314f459c3ab3b429933f66/c.html,S. Korea's exports hit all-time high in March,20260401T040000Z,english.news.cn,IND,JPN,-0.8096464078873395,0.032709558680653575,0.8423559665679932,0.12493445351719856,1.0,2026-04-01T12:03:25.172269
http://www.econotimes.com/South-Koreas-Exports-Hit-Record-High-in-March-on-AI-Driven-Chip-Demand-1737849,South Korea's Exports Hit Record High in March on AI-Driven Chip Demand,20260401T034500Z,econotimes.com,USA,CHN,-0.7849239617586137,0.024703201651573182,0.8096271634101868,0.16566966623067855,1.0,2026-04-01T12:05:20.075668
https://ekonomi.bisnis.com/read/20260401/12/1963490/proyeksi-surplus-neraca-dagang-ri-di-tengah-konflik-geopolitik,Proyeksi Surplus Neraca Dagang RI di Tengah Konflik Geopolitik,20260401T033000Z,ekonomi.bisnis.com,IND,JPN,0.8728864125907421,0.9255064487457276,0.05262003615498543,0.021873490512371065,0.2,2026-04-01T12:03:25.172308
https://news.kbs.co.kr/news/pc/view/view.do?ncd=8523837,KBS 뉴스,20260401T024500Z,news.kbs.co.kr,USA,CHN,0.5193487800657749,0.5511143445968628,0.03176556453108787,0.4171200573444367,0.0,2026-04-01T12:05:20.075663
https://www.ohmynews.com/NWS_Web/View/at_pg.aspx?CNTN_CD=A0003217901&PAGE_CD=N0002&CMPT_CD=M0114,"미국서 인기 있는 한국산 굴·김, 이렇게 만들어지는 거 알까",20260401T021500Z,ohmynews.com,IND,USA,0.8314906358718872,0.8973576784133911,0.06586704254150391,0.036775313317775726,0.0,2026-04-01T11:59:14.013086
https://interaksyon.philstar.com/politics-issues/2026/04/01/311416/asia-barters-for-scarce-energy-as-iran-crisis-throttles-supplies/,Asia barters for scarce energy as Iran crisis throttles supplies,20260401T020000Z,interaksyon.philstar.com,IND,JPN,-0.006155765056610106,0.2337223708629608,0.23987813591957094,0.5263994872570038,1.0,2026-04-01T12:03:25.172344
https://indianexpress.com/article/opinion/columns/india-must-reboot-neighbourhood-policy-trade-is-the-key-10612233/,India must reboot neighbourhood policy — trade is the key,20260401T011500Z,indianexpress.com,IND,GBR,0.22686890363693238,0.6017432689666748,0.37487436532974244,0.023382337391376497,1.0,2026-04-01T12:01:27.311017
https://island.lk/boots-on-the-groundminds-in-the-dark/,"Boots on the ground,minds in the dark",20260401T003000Z,island.lk,IND,GBR,0.6990660771727562,0.7798173666000366,0.08075128942728044,0.13943135738372803,1.0,2026-04-01T12:01:27.311074
https://oilprice.com/Latest-Energy-News/World-News/India-Boosts-Diesel-Exports-to-Southeast-Asia-to-7-Year-High.html,India Boosts Diesel Exports to Southeast Asia to 7-Year High,20260331T213000Z,oilprice.com,IND,SGP,-0.37174521237611774,0.03158619627356529,0.40333140864968303,0.5650824293494224,0.8,2026-04-01T12:00:29.962145
https://economictimes.indiatimes.com/opinion/et-commentary/unlocking-161-billion-what-india-must-do-to-boost-china-exports/articleshow/129933459.cms,Unlocking $161 billion: What India must do to boost China exports,20260331T184500Z,economictimes.indiatimes.com,IND,DEU,-0.3766163915395737,0.22157067358493804,0.5981870651245117,0.18024228140711784,1.0,2026-04-01T12:00:50.567537
https://www.ntdtv.com/b5/2026/03/31/a104081645.html,【名家專欄】對盟友袖手旁觀 中共是紙老虎,20260331T134500Z,ntdtv.com,IND,DEU,0.7048109143972396,0.8294896841049194,0.12467876970767974,0.045831540226936335,0.2,2026-04-01T12:00:50.567611
https://www.cna.com.tw/news/afe/202603310348.aspx,台美貿易協議僅限美製進口車降關稅 經部不建議全面開放,20260331T130000Z,cna.com.tw,IND,JPN,0.6684112280607224,0.8096971631050109,0.14128593504428863,0.04901691749691964,0.0,2026-04-01T12:03:25.172230
https://www.thespiritsbusiness.com/2026/03/uk-whisky-exports-drop-in-2025-as-gin-grows/,UK whisky exports drop in 2025 as gin grows,20260331T130000Z,thespiritsbusiness.com,IND,GBR,-0.2763124782592058,0.035635453462600705,0.3119479317218065,0.6524166166782379,1.0,2026-04-01T12:01:27.310995
https://www.cna.com.tw/news/aipl/202603310247.aspx,總統：盼台英深化經貿合作 英國續挺台加入CPTPP,20260331T123000Z,cna.com.tw,IND,GBR,0.7394788190722466,0.8502458810806275,0.11076706200838089,0.03898707404732704,0.0,2026-04-01T12:01:27.311113
http://www.governancenow.com/views/columns/indiauk-fta-a-strategic-reset-for-bilateral-growth-trade-expansion,"India–UK FTA: A strategic reset for bilateral growth, trade expansion",20260331T121500Z,governancenow.com,IND,GBR,-0.29743681848049164,0.34617027342319484,0.6436070919036865,0.010222627595067025,1.0,2026-04-01T12:01:27.311083
https://baijiahao.baidu.com/s?id=1861143123628197159,深圳外贸前2个月实现  开门红  ,20260331T113000Z,baijiahao.baidu.com,CHN,JPN,0.8521071374416351,0.911749005317688,0.059641867876052856,0.02860909141600132,0.0,2026-04-01T12:06:23.981449
https://www.bollywoodhungama.com/news/bollywood/hong-kong-multiplex-announces-dhurandhar-marathon-screening-amid-global-success-dhurandhar-revenge/,Hong Kong multiplex announces Dhurandhar marathon screening amid global success of Dhurandhar The Revenge : Bollywood News,20260331T113000Z,bollywoodhungama.com,IND,HKG,-0.2279311507940292,0.378524586558342,0.6064557373523712,0.015019704028964043,0.1,2026-04-01T11:59:53.231898
https://baijiahao.baidu.com/s?id=1861171721284273171,中国贸促会：2025年全球经贸摩擦指数在12个月份均处高位，电子、机械设备等行业是引发经贸摩擦主要领域,20260331T103000Z,baijiahao.baidu.com,CHN,JPN,0.7317717149853706,0.8369481921195985,0.10517647713422776,0.057875329256057734,0.0,2026-04-01T12:06:23.981489
https://www.thehindubusinessline.com/economy/diesel-exports-to-se-asia-hit-7-year-high-in-march-due-to-iran-war/article70806412.ece,Diesel exports to SE Asia hit 7-year high in March due to Iran war,20260331T101500Z,thehindubusinessline.com,IND,SGP,-0.8196181893348694,0.041058897972106934,0.8606770873069763,0.09826403260231018,0.8,2026-04-01T12:00:29.962034
https://www.antaranews.com/berita/5502971/agrinas-impor-160-ribu-pikap-kopdes-dari-india-china-dan-jepang,"Agrinas: Impor 160 ribu pikap kopdes dari India, China, dan Jepang - ANTARA News",20260331T091500Z,antaranews.com,IND,JPN,0.8262085326015949,0.9025046348571777,0.07629610225558281,0.02119922712445259,0.4,2026-04-01T12:03:25.172173
https://www.yeniakit.com.tr/haber/dis-ticaret-istatistikleri-aciklandi-ihracat-21-milyar-dolari-asti-1992537.html,Dış ticaret istatistikleri açıklandı! İhracat 21 milyar doları aştı,20260331T091500Z,yeniakit.com.tr,DEU,CHN,0.8651093736290931,0.9213488221168518,0.056239448487758636,0.022411685436964035,0.0,2026-04-01T11:55:51.760313
http://news.china.com.cn/2026-03/31/content_118411572.html,中国发布丨中国贸促会：全球经贸摩擦指数受到美国对等关税剧烈“搅动”-中国网,20260331T091500Z,news.china.com.cn,CHN,JPN,0.6947545081377029,0.8243322491645813,0.12957774102687836,0.0460900254547596,0.0,2026-04-01T12:06:23.981461
https://www.edaily.co.kr/News/Read?newsId=05471046645388896&mediaCodeNo=257,'리터당 2660원' 휘발유 40% 급등한 호주…아프리카·유럽은 품귀,20260331T084500Z,edaily.co.kr,IND,JPN,0.7973731003701687,0.8774035811424256,0.08003048077225686,0.042565946280956266,0.0,2026-04-01T12:03:25.172289
https://money.kompas.com/read/2026/03/31/152548926/agrinas-impor-160000-mobil-dari-india-jepang-dan-china-untuk-kopdes,"Agrinas Impor 160.000 Mobil dari India, Jepang, dan China untuk Kopdes",20260331T084500Z,money.kompas.com,IND,JPN,0.8363376885652543,0.905291748046875,0.0689540594816208,0.025754206627607346,0.4,2026-04-01T12:03:25.172151
https://www.dunya.com/ekonomik-veriler/tuik-subatta-dis-ticaret-acigi-buyudu-haberi-819995,TÜİK: Şubatta dış ticaret açığı büyüdü,20260331T084500Z,dunya.com,DEU,CHN,0.8847169391810894,0.9298436284065247,0.04512668922543526,0.025029629841446875,0.0,2026-04-01T12:06:00.012158
https://www.haberler.com/ekonomi/subat-ayi-dis-ticaret-verileri-aciklandi-19701846-haberi/,Dış ticaret istatistikleri,20260331T083000Z,haberler.com,DEU,CHN,0.8828054994344711,0.9291818141937256,0.04637631475925445,0.024441844224929808,0.0,2026-04-01T11:55:51.760295
https://24tv.ua/economy/ssha-prigrozili-kanadi-chomu-kitayski-avtomobili-ne-zmozhut-zavoziti_n3039436,США пригрозили Канаді - чому китайські автомобілі не зможуть завозити до США,20260331T080000Z,24tv.ua,USA,CHN,0.19763043522834778,0.5752869844436646,0.3776565492153168,0.04705645516514778,0.0,2026-04-01T12:05:20.075639
https://www.foodmanufacture.co.uk/Article/2026/03/31/uk-food-and-drink-exports-hit-record-value-but-still-lag-behind-pre-brexit-volumes/,EU trade hurdles dent UK food export volumes,20260331T034500Z,foodmanufacture.co.uk,IND,GBR,-0.03545009903609753,0.02647257372736931,0.061922672763466836,0.9116047501564026,1.0,2026-04-01T12:01:27.311132
https://baijiahao.baidu.com/s?id=1860704262652446424,美以 、 伊朗冲突持续 ， 损失最大的竟是印度 ？ ,20260330T224500Z,baijiahao.baidu.com,IND,USA,0.8499641604721546,0.9073744416236877,0.05741028115153313,0.035215284675359726,0.0,2026-04-01T11:59:14.013115
https://www.epochtimes.com/b5/26/3/30/n14730985.htm,【名家專欄】對盟友袖手旁觀 中共是紙老虎,20260330T213000Z,epochtimes.com,IND,DEU,0.7588815793395043,0.8541474103927613,0.09526583105325698,0.050586766004562383,0.4,2026-04-01T12:00:50.567605
https://www.thedailystar.net/business/economy/news/stagnant-saarc-exports-reveal-bangladeshs-trade-risks-4138761,Stagnant Saarc exports reveal Bangladesh’s trade risks,20260330T123000Z,thedailystar.net,IND,HKG,0.0009689692407846453,0.026859065890312193,0.025890096649527548,0.9472508549690247,1.0,2026-04-01T11:59:53.231894
https://www.washingtonexaminer.com/policy/energy/4507428/countries-energy-shortages-asian-crisis/,How countries are combating energy shortages :  An Asian crisis  ,20260330T113000Z,washingtonexaminer.com,IND,SGP,0.8427273854613304,0.9008284211158752,0.05810103565454483,0.04107058048248291,0.0,2026-04-01T12:00:29.962116
https://www.jagran.com/business/biz-india-eyes-angola-for-lpg-lng-amid-west-asia-crisis-40188759.html,"LPG Crisis: इस गुमनाम अफ्रीकी देश ने भारत की तरफ बढ़ाया हाथ, रसोई गैस की भारी किल्लत के बीच करेगा LPG सप्लाई?",20260330T100000Z,jagran.com,IND,USA,0.5765130132436752,0.7738111615180969,0.1972981482744217,0.028890646249055858,0.0,2026-04-01T11:59:14.013035
https://www.chunichi.co.jp:443/article/1230456,中国で日本製釣り具が人気 輸出額６年で３倍超の１８２億円：中日新聞Web,20260330T100000Z,chunichi.co.jp,CHN,JPN,0.7074892699718476,0.8242612957954407,0.11677202582359314,0.058966700732707975,0.0,2026-04-01T12:06:23.981484
https://www.antaranews.com/berita/5500958/ekonom-kunjungan-prabowo-ke-jepang-perkuat-perdagangan,Ekonom: Kunjungan Prabowo ke Jepang perkuat perdagangan,20260330T100000Z,antaranews.com,IND,JPN,0.8797664068639278,0.9288144230842591,0.0490480162203312,0.02213759832084179,0.4,2026-04-01T12:03:25.172101
https://www.ohmynews.com/NWS_Web/View/at_pg.aspx?CNTN_CD=A0003217901&SRS_CD=0000021949&CMPT_CD=M0153,"미국서 인기 있는 한국산 굴·김, 이렇게 만들어지는 거 알까",20260330T091500Z,ohmynews.com,IND,USA,0.8314906358718872,0.8973576784133911,0.06586704254150391,0.036775313317775726,0.0,2026-04-01T11:59:14.013079
https://finance.sina.com.cn/roll/2026-03-30/doc-inhsttrh2910885.shtml,马斯克旗下AI公司初创“11罗汉”全部离职｜首席资讯日报_新浪财经_新浪网,20260330T061500Z,finance.sina.com.cn,IND,DEU,0.6661808848381042,0.8014575839042664,0.1352766990661621,0.06326571702957154,0.0,2026-04-01T12:00:50.567571
https://www.tempo.co/ekonomi/ekonom-dorong-ri-perkuat-hubungan-dagang-dengan-jepang-2125242,Ekonom Dorong RI Perkuat Hubungan Dagang dengan Jepang,20260330T060000Z,tempo.co,CHN,JPN,0.8764511719346046,0.9279073476791382,0.05145617574453354,0.02063653990626335,0.0,2026-04-01T12:06:23.981494
https://www.prokerala.com/news/articles/a1744998.html,"Crude oil prices jump over 3 pc, nears 52-week high",20260330T060000Z,prokerala.com,IND,HKG,-0.2667552655562759,0.04434674456715584,0.3111020101234317,0.6445512413978576,0.8,2026-04-01T11:59:53.231928
https://www.qstheory.cn/20260330/72960bbb7c944212848859b659e90443/c.html,全球贸易格局的四大变化,20260330T043000Z,qstheory.cn,USA,CHN,0.7130526468157768,0.8330496549606323,0.11999700814485549,0.04695329815149307,0.0,2026-04-01T12:05:20.075645
https://www.nzherald.co.nz/business/companies/energy/government-wont-stand-in-the-way-of-companies-potentially-importing-fuel-with-russian-origins/premium/7VHZRR24YVALHDFH5TAC2E4V4U/,Government won’t stand in the way of companies potentially importing fuel with Russian origins,20260330T033000Z,nzherald.co.nz,IND,SGP,0.35976828485727314,0.5395596444606781,0.179791359603405,0.2806490361690521,0.8,2026-04-01T12:00:29.962084
https://finance.ettoday.net/news/3140543,印度阿達尼集團開設該國第一個避難港 解決海上應急設施缺口,20260330T011500Z,finance.ettoday.net,IND,HKG,0.7147145479917526,0.8374130487442016,0.12269850075244904,0.03988846689462662,0.0,2026-04-01T11:59:53.231891
https://www.alriyadh.com/2181178,جريدة الرياض | إضافة 3 خدمات شحن ملاحية إلى ميناء جدة الإسلامي وميناء الملك عبدالله,20260329T223000Z,alriyadh.com,IND,GBR,0.7158380001783371,0.8385958671569824,0.12275786697864532,0.03864627331495285,0.0,2026-04-01T12:01:27.311038
https://www.jugantor.com/tp-firstpage/1082440,দশ বছরে সাড়ে ৮ লাখ কোটি টাকা পাচার,20260329T211500Z,jugantor.com,IND,USA,0.6973031282424926,0.8346247196197509,0.1373215913772583,0.028053677082061766,0.0,2026-04-01T11:59:14.013121
https://www.reporter.gr/eidhseis/oikonomia/670500-ta-nea-deal-tis-ee-allazoun-ton-emporiko-xarti-pos-epireazetai-i-ellada,Τα νέα deal της ΕΕ αλλάζουν τον εμπορικό χάρτη – Πώς επηρεάζεται η Ελλάδα,20260329T143000Z,reporter.gr,IND,DEU,0.7572493866086005,0.8662549614906311,0.1090055748820305,0.02473945766687393,0.2,2026-04-01T12:00:50.567617
http://www.nashfm923krst.com/html/58a4899893.html,留存伊斯兰教清净寺 、 佛教开元寺 、 印度教石刻 、 摩尼教草庵等遗迹 - 奉若神明网,20260329T143000Z,nashfm923krst.com,IND,HKG,0.7540559247136116,0.8654279708862305,0.11137204617261887,0.023199986666440964,0.0,2026-04-01T11:59:53.231903
"https://www.wnp.pl/energia/gorniczy-hegemon-musi-kopac-coraz-glebiej-polskie-gornictwo-mogloby-na-tym-skorzystac,1044344.html",Górniczy hegemon musi kopać coraz głębiej. Polskim firmom trafia się ogromna szansa,20260329T111500Z,wnp.pl,IND,DEU,0.8758167058229447,0.920896553993225,0.04507984817028046,0.034023556113243106,0.2,2026-04-01T12:00:50.567622
https://www.vecernji.ba/vijesti/ma-je-li-moguce-omiljeni-napitak-bi-mogao-pojeftiniti-u-bih-evo-sto-kazu-podaci-1944916,"Ma je li moguće? Omiljeni napitak bi mogao pojeftiniti u BiH, evo što kažu podaci",20260329T091500Z,vecernji.ba,IND,DEU,0.7974119439721108,0.8851827383041382,0.08777079433202745,0.027046424895524977,0.0,2026-04-01T12:00:50.567565
https://tribune.com.pk/story/2599842/auto-surplus-drives-export-urgency,Auto surplus drives export urgency,20260329T080000Z,tribune.com.pk,IND,CHN,0.1413307771086693,0.36692083328962327,0.22559005618095399,0.4074891164898872,1.0,2026-04-01T11:59:19.742771
https://baijiahao.baidu.com/s?id=1860857683743281930,聚焦数字经济，欧洲议会代表团即将访华,20260329T024500Z,baijiahao.baidu.com,DEU,CHN,0.7413832664489746,0.8432945966720581,0.10191133022308349,0.05479409918189049,0.0,2026-04-01T12:06:00.012144
https://economictimes.indiatimes.com/epaper/delhicapital/2026/mar/29/sunet-front/smartphone-pli-surpasses-targets-turns-out-to-be-right-call-for-india/articleshow/129872239.cms,"Smartphone PLI Surpasses Targets, Turns Out to be Right Call for India",20260329T013000Z,economictimes.indiatimes.com,IND,CHN,0.2095943443477153,0.5963272780179977,0.3867329336702824,0.016939839348196983,0.0,2026-04-01T11:59:19.742791
https://www.hinews.cn:443/page?n=2811223&m=1&s=1044,封关政策红利为海口国家高新区企业带来真金白银，推动产业加速集聚-南海网,20260329T013000Z,hinews.cn,IND,HKG,0.734697125852108,0.8449615716934205,0.1102644458413124,0.0447739988565445,0.0,2026-04-01T11:59:53.231873
https://island.lk/tribute-to-a-distinguished-boi-leader/,Tribute to a distinguished BOI leader,20260329T001500Z,island.lk,IND,GBR,0.6436419084668159,0.7722791910171509,0.12863728255033494,0.09908352978527545,1.0,2026-04-01T12:01:27.311062
https://www.bd-pratidin.com/first-page/2026/03/29/1232427,জ্বালানি ব্যয় বৃদ্ধিতে বাড়ছে শিপিং ভাড়া | | বাংলাদেশ প্রতিদিন,20260328T200000Z,bd-pratidin.com,USA,CHN,0.7045990824699402,0.8264713287353516,0.12187224626541138,0.051656365394592285,0.0,2026-04-01T12:05:20.075657
https://navbharattimes.indiatimes.com/business/business-news/moodys-warning-red-alert-for-india-china-economic-stress-due-to-west-asia-crisis-details/articleshow/129869517.cms,"Moody's Warning: भारत-चीन के लिए बजी खतरे की घंटी, एक और संकट की आहट, मूडीज ने किया आगाह",20260328T191500Z,navbharattimes.indiatimes.com,IND,JPN,0.6158107802271844,0.787045681476593,0.1712349012494087,0.04171940386295318,0.2,2026-04-01T12:03:25.172328
https://aninews.in/news/world/others/india-pitches-people-centric-fisheries-approach-at-wto-ministerial-conference20260328213538/,India pitches people-centric fisheries approach at WTO ministerial conference,20260328T180000Z,aninews.in,IND,GBR,0.5378872960805894,0.7620553016662598,0.2241680055856705,0.01377667523920536,1.0,2026-04-01T12:01:27.311122
https://www.cna.com.tw/news/aopl/202603280122.aspx,川習會與期中選舉前 川普稱為農民取得貿易勝利,20260328T111500Z,cna.com.tw,USA,CHN,0.6959320157766342,0.8188275218009948,0.12289550602436065,0.058276923000812525,0.0,2026-04-01T12:05:20.075688
https://www.cna.com.tw:443/news/aopl/202603280122.aspx,川習會與期中選舉前 川普稱為農民取得貿易勝利,20260328T093000Z,cna.com.tw,USA,CHN,0.6959320157766342,0.8188275218009948,0.12289550602436065,0.058276923000812525,0.0,2026-04-01T12:05:20.075697
https://www.chinatimes.com/realtimenews/20260328001981-260410,歐盟代表團訪大陸！鎖定「電商三巨頭」談監管 希音、阿里、Temu遭點名 - 財經,20260328T090000Z,chinatimes.com,DEU,CHN,0.6845377802848815,0.8128719687461853,0.1283341884613037,0.05879387557506561,0.0,2026-04-01T11:55:51.760304
https://www.deccanchronicle.com/business/eu-quota-cut-and-tariff-hike-along-with-cbam-challenges-exporters-1946848,EU Quota Cut And Tariff Hike Along With CBAM Challenges Exporters,20260328T090000Z,deccanchronicle.com,IND,CHN,-0.2579328630119562,0.02576357461512089,0.2836964376270771,0.6905399918556213,1.0,2026-04-01T11:59:19.742785
https://www.chinatimes.com/realtimenews/20260328001634-260410,中印邊境破冰首解禁 印度國企「回頭」狂掃大陸關鍵設備 - 財經,20260328T083000Z,chinatimes.com,IND,CHN,0.6933179467916488,0.8255570650100708,0.13223911821842194,0.04220383390784264,0.0,2026-04-01T11:59:19.742797
https://economictimes.indiatimes.com/small-biz/trade/exports/insights/india-us-trade-agreement-designed-to-protect-domestic-sensitivities-govt-tells-ls/articleshow/129859328.cms,India-US trade agreement designed to protect domestic sensitivities: Govt tells LS,20260328T061500Z,economictimes.indiatimes.com,IND,USA,-0.5244569838047027,0.2313884437084198,0.7558454275131226,0.012766075134277344,0.6,2026-04-01T11:59:14.013011
https://baijiahao.baidu.com/s?id=1860740219418932418,2025年欧盟货物贸易顺差1280亿欧元 中国为最大进口来源国,20260328T053000Z,baijiahao.baidu.com,USA,CHN,0.7956034988164902,0.8866767883300781,0.09107328951358795,0.022249916568398476,0.0,2026-04-01T12:05:20.075599
https://www.ukrinform.ua/rubric-world/4106462-india-shvalila-vijskovi-zakupivli-na-25-milardiv.html,Індія схвалила військові закупівлі на $25 мільярдів,20260328T043000Z,ukrinform.ua,IND,DEU,0.579214894771576,0.7708321452140808,0.19161725044250488,0.037550612539052966,0.0,2026-04-01T12:00:50.567628
https://vietnamnet.vn/en/vietnam-steps-up-rice-market-diversification-through-ftas-2501121.html,Vietnam steps up rice market diversification through FTAs,20260328T040000Z,vietnamnet.vn,CHN,JPN,-0.5596569173038006,0.057457161694765085,0.6171140789985656,0.3254287917166948,1.0,2026-04-01T12:06:23.981499
https://hunan.voc.com.cn/news/202603/31844070.html,【开局八好 乘势而上】怀化前两月农产品出口同比增近六成 增速居全省第二 - 要闻 - 湖南在线 - 华声在线,20260328T024500Z,hunan.voc.com.cn,IND,HKG,0.7833541855216026,0.8642349362373352,0.08088075071573257,0.05488429069519043,0.0,2026-04-01T11:59:53.231913
https://udn.com/news/story/7333/9408142,2020年邊境衝突後首度解禁 印度國有企業昨向中國購買關鍵設備,20260328T011500Z,udn.com,IND,HKG,0.7200052469968796,0.8393697381019593,0.11936449110507966,0.04126576259732247,0.0,2026-04-01T11:59:53.231883
http://www.cfi.net.cn/p20260328000002.html,商务部部长王文涛会见印度商工部长高耶尔 - CFi . CN 中财网,20260328T011500Z,cfi.net.cn,IND,CHN,0.9050534330308437,0.9429256319999695,0.03787219896912575,0.019202176481485367,0.0,2026-04-01T11:59:19.742735
https://www.chunichi.co.jp:443/article/1229198,中国商務省、米に対抗調査を開始 貿易障壁で供給網を破壊疑い：中日新聞Web,20260327T151500Z,chunichi.co.jp,CHN,JPN,0.6697311401367188,0.7989588975906372,0.12922775745391846,0.0718133419752121,0.0,2026-04-01T12:06:23.981504
https://www.ocregister.com/2026/03/27/china-investigations-us-trade-practices/,China opens investigations into US trade practices in response to Trump tariff moves,20260327T133000Z,ocregister.com,USA,CHN,0.35175123587250706,0.39366071522235874,0.041909479349851606,0.5644298255443573,0.8,2026-04-01T12:05:20.075674
https://www.rediff.com/business/report/indias-economic-growth-to-exceed-7-in-fy27-driven-by-domestic-demand/20260327.htm,India's economy to grow above 7% in FY27 despite global slowdown risks: Assocham,20260327T130000Z,rediff.com,IND,DEU,-0.8887120719999075,0.04697641171514988,0.9356884837150574,0.017335129901766777,1.0,2026-04-01T12:00:50.567599
https://www.bnnbloomberg.ca/tariffs/2026/03/27/china-opens-investigations-into-us-trade-practices-in-response-to-trump-tariff-moves/,China opens investigations into U.S. trade practices in response to Trump tariff moves,20260327T120000Z,bnnbloomberg.ca,USA,CHN,0.21622598208487034,0.25143253803253174,0.035206555947661394,0.7133609414100647,0.8,2026-04-01T12:05:20.075679
https://m.tech.china.com/redian/2026/0327/032026_1834935.html,跨境电商收款用PingPong:创新支付服务助力企业降本增效拓展国际市场_中华网,20260327T120000Z,m.tech.china.com,IND,SGP,0.7600947111845017,0.8516522645950317,0.0915575534105301,0.0567901998758316,0.0,2026-04-01T12:00:29.962136
https://theshillongtimes.com/2026/03/27/eam-jaishankar-highlights-imecs-role-in-strengthening-global-connectivity-amid-west-asia-conflict/,EAM Jaishankar highlights IMEC’s role in strengthening global connectivity amid West Asia conflict,20260327T114500Z,theshillongtimes.com,IND,GBR,-0.782297247648239,0.10429027676582336,0.8865875244140625,0.00912222508341074,1.0,2026-04-01T12:01:27.311141
https://www.businessworld.in/article/prolonged-middle-east-conflict-to-hit-growth-inflation-in-developing-asia-adb-599582,"Prolonged Middle East Conflict To Hit Growth, Inflation In Developing Asia: ADB - BW Businessworld",20260327T114500Z,businessworld.in,IND,JPN,0.8414907090365886,0.8829459905624389,0.0414552815258503,0.07559873610734939,1.0,2026-04-01T12:03:25.172192
https://portal.sina.com.hk/technology/sina/2026/03/27/1645343/%E9%A6%99%E6%B8%AF%E5%B1%85%E6%B0%91%E7%98%8B%E6%90%B6%E5%9C%8B%E7%94%A2%E9%9B%BB%E5%8B%95%E8%BB%8A/,香港居民瘋搶國產電動車 - 新浪香港,20260327T061500Z,portal.sina.com.hk,IND,HKG,0.7524595603346824,0.855614960193634,0.10315539985895156,0.041229657083749774,0.0,2026-04-01T11:59:53.231916
https://finance.sina.com.cn/tech/roll/2026-03-27/doc-inhsmamz8424912.shtml,香港居民疯抢国产电动车_新浪科技_新浪网,20260327T061500Z,finance.sina.com.cn,IND,HKG,0.7199698358774185,0.8236892819404602,0.10371944606304169,0.07259125262498856,0.0,2026-04-01T11:59:53.231922
https://baijiahao.baidu.com/s?id=1860790883059164870, 「 央广网 」 跨国公司负责人密集来华访问 来中国投资成为跨国公司战略发展  必选项  ,20260327T054500Z,baijiahao.baidu.com,DEU,CHN,0.6373240500688553,0.8038047552108765,0.16648070514202118,0.029714452102780342,0.0,2026-04-01T12:06:00.012131
https://www.163.com/dy/article/KOVAAC66051492T3.html,中东战火外溢亚洲：印度石油储备只够9.5天，韩国号召民众缩短洗澡时间,20260327T000000Z,163.com,IND,SGP,0.8958471562713385,0.9297992944717407,0.03395213820040226,0.03624859228730201,0.0,2026-04-01T12:00:29.962165
https://www.kommersant.ru/doc/8535885,Войне с китайским перепроизводством подобрали аргументы,20260327T000000Z,kommersant.ru,CHN,JPN,0.683089691400528,0.8296834826469421,0.1465937912464142,0.023722725361585616,0.1,2026-04-01T12:06:23.981520
https://auto.cnr.cn/2015xc/20260327/t20260327_527563802.shtml,中欧汽车贸易迎转折：欧洲自华进口首超对华出口_央广网,20260326T234500Z,auto.cnr.cn,DEU,CHN,0.7518982797861099,0.8523820281028748,0.10048374831676482,0.047134211659431456,0.2,2026-04-01T12:06:00.012147
https://www.gdnonline.com:443/Details/1379642,International Business: Saudi non-oil exports rise 22.1pc in January,20260326T230000Z,gdnonline.com,CHN,JPN,-0.9094740651547909,0.03262713924050331,0.9421012043952941,0.025271641463041304,0.4,2026-04-01T12:06:23.981467
https://timesofindia.indiatimes.com/city/coimbatore/solar-panel-costs-may-rise-due-to-volatile-metal-prices-supply-uncertainties/articleshow/129830213.cms,"‘Solar panel costs may rise due to volatile metal prices, supply uncertainties’",20260326T211500Z,timesofindia.indiatimes.com,IND,DEU,-0.025601080060005187,0.09319796562194824,0.11879904568195343,0.7880030632019044,0.6,2026-04-01T12:00:50.567634
https://baijiahao.baidu.com/s?id=1860716596032291048,跨国巨头密集访华、外资加码中国市场，商务部回应,20260326T203000Z,baijiahao.baidu.com,CHN,JPN,0.7523321434855461,0.8547104120254516,0.10237826853990553,0.04291129782795906,0.0,2026-04-01T12:06:23.981473
https://www.mzamin.com/article/7230/%E0%A6%A4%E0%A7%88%E0%A6%B0%E0%A6%BF-%E0%A6%AA%E0%A7%8B%E0%A6%B6%E0%A6%BE%E0%A6%95-%E0%A6%B0%E0%A6%AA%E0%A7%8D%E0%A6%A4%E0%A6%BE%E0%A6%A8%E0%A6%BF%E0%A6%A4%E0%A7%87-%E0%A6%A7%E0%A6%BE%E0%A6%95%E0%A7%8D%E0%A6%95%E0%A6%BE,তৈরি পোশাক রপ্তানিতে ধাক্কা - MZamin,20260326T194500Z,mzamin.com,IND,CHN,0.7135189950466156,0.837995183467865,0.12447618842124938,0.037528598308563234,0.0,2026-04-01T11:59:19.742778
https://www.euronews.com/my-europe/2026/03/26/not-so-fast-brussels-snubs-merzs-suggestion-for-eu-china-trade-deal,Not so fast: Brussels snubs Merz's suggestion for EU-China trade deal,20260326T184500Z,euronews.com,DEU,CHN,0.036264024674892426,0.11450646668672562,0.0782424420118332,0.8072511076927185,1.0,2026-04-01T11:55:51.760331
https://www.taipeitimes.com/News/taiwan/archives/2026/03/27/2003854559,Think tank urges Foreign Trade Act amendment,20260326T163000Z,taipeitimes.com,CHN,JPN,0.17574062682688238,0.3067127287387848,0.13097210191190245,0.5623152121901512,0.2,2026-04-01T12:06:23.981515
http://www.nashfm923krst.com/html/89c899902.html,开放平台 ： 拥有西安国际港务区 、 综合保税区 、 自由贸易试验区等多个高水平开放平台 - 奉若神明网,20260326T144500Z,nashfm923krst.com,CHN,JPN,0.7073266208171844,0.8415312170982361,0.13420459628105164,0.024264132604002953,0.0,2026-04-01T12:06:23.981510
https://www.hespress.com/%D8%AA%D9%82%D8%B1%D9%8A%D8%B1-%D8%A7%D9%84%D8%A7%D8%B6%D8%B7%D8%B1%D8%A7%D8%A8%D8%A7%D8%AA-%D9%81%D9%8A-%D8%B3%D9%84%D8%A7%D8%B3%D9%84-%D8%A7%D9%84%D8%A5%D9%85%D8%AF%D8%A7%D8%AF%D8%A7%D8%AA-%D8%AA-1720707.html,تقرير: الاضطرابات في سلاسل الإمدادات تهدد صادرات الأسمدة المغربية,20260326T143000Z,hespress.com,IND,GBR,0.759242980182171,0.855807876586914,0.0965648964047432,0.047627246379852294,0.0,2026-04-01T12:01:27.311048
https://finance.yahoo.com/economy/policy/articles/china-says-retaliate-against-mexicos-084804690.html,China says it has right to retaliate against Mexico's tariff hikes,20260326T141500Z,finance.yahoo.com,USA,CHN,-0.07709416225552562,0.19803434312343596,0.2751285053789616,0.526837134361267,1.0,2026-04-01T12:05:20.075651
https://www.rediff.com/business/report/india-launches-investigation-into-subsidised-paperboard-imports-impact-on-domestic-industry/20260326.htm,India Investigates Subsidised Paperboard Imports from China and Indonesia,20260326T133000Z,rediff.com,IND,CHN,0.30843536406755445,0.3812219828367233,0.07278661876916885,0.5459914088249206,0.2,2026-04-01T11:59:19.742749
https://finance.sina.com.cn/wm/2026-03-26/doc-inhsikau2811697.shtml,中东战火外溢亚洲：印度石油储备只够9.5天，韩国号召民众缩短洗澡时间，避免在夜间给手机和电动汽车充电|印度_新浪财经_新浪网,20260326T123000Z,finance.sina.com.cn,IND,SGP,0.7396934375166893,0.8353684544563293,0.09567501693964005,0.06895654946565628,0.0,2026-04-01T12:00:29.962155
https://www.yicai.com/news/103105864.html,跨国巨头密集访华、外资加码中国市场，商务部回应,20260326T101500Z,yicai.com,CHN,JPN,0.7584851041436196,0.8590547680854798,0.1005696639418602,0.040375535190105435,0.2,2026-04-01T12:06:23.981478
https://www.stcn.com/article/detail/3700146.html,霍尔木兹海峡 ， 重磅来袭 ！ 伊朗宣布 ， 这些国家的船只安全通过 ！ 沙特阿美也有突发 ！ ,20260326T101500Z,stcn.com,IND,HKG,0.6609349250793457,0.8049381375312805,0.14400321245193481,0.05105871707201004,0.0,2026-04-01T11:59:53.231907
https://www.ibtimes.com.au/10-countries-suffering-biggest-economic-losses-us-iran-war-1864507,10 Countries Suffering Biggest Economic Losses From US-Iran War,20260326T093000Z,ibtimes.com.au,IND,DEU,0.05342905838042498,0.07979696840047837,0.026367910020053387,0.8938350677490234,1.0,2026-04-01T12:00:50.567589
https://aninews.in/news/world/others/mercosur-steps-up-trade-talks-with-united-arab-emirates-and-india20260326124504/,Mercosur steps up trade talks with United Arab Emirates and India,20260326T091500Z,aninews.in,IND,USA,-0.7513360947370529,0.1179750829935074,0.8693111777305603,0.012713785097002984,1.0,2026-04-01T11:59:14.013103
https://www.etnews.com/20260325000490,"무역위, 日·中 산업용 로봇에 19.85% 덤핑관세 부과 건의",20260326T091500Z,etnews.com,CHN,JPN,0.8355274863541127,0.9009741902351379,0.06544670388102532,0.03357910513877869,0.0,2026-04-01T12:06:23.981525
https://www.thehindubusinessline.com/economy/mercosur-steps-up-trade-talks-with-india-and-united-arab-emirates/article70787196.ece,Mercosur steps up trade talks with India and United Arab Emirates,20260326T091500Z,thehindubusinessline.com,IND,USA,-0.8006538927555085,0.08920523524284363,0.889859127998352,0.02093561179935932,0.4,2026-04-01T11:59:14.013092
https://news.webindia123.com/news/Articles/World/20260326/4431710.html,Mercosur steps up trade talks with United Arab Emirates and India,20260326T084500Z,news.webindia123.com,IND,USA,-0.8010149799287318,0.089491156488657,0.890506136417389,0.020002702623605727,0.4,2026-04-01T11:59:14.013098
http://futures.cnfol.com/qishidongtai/20260326/32100799.shtml,产油大国竟缺燃油：澳大利亚成品油进口崩盘，紧急向美国求救_期市动态_期货_中金在线,20260326T081500Z,futures.cnfol.com,IND,HKG,0.7382165133953095,0.8430248498916626,0.10480833649635315,0.05216687172651291,0.0,2026-04-01T11:59:53.231925
https://www.newkerala.com/news/a/mercosur-steps-up-trade-talks-united-arab-emirates-839.htm,Mercosur Trade Talks Advance with India and UAE,20260326T080000Z,newkerala.com,IND,USA,-0.7309054404497146,0.09522448480129242,0.826129925251007,0.07864555492997169,0.6,2026-04-01T11:59:14.013126
https://internasional.kompas.com/read/2026/03/26/120402270/jerman-getol-impor-pekerja-dari-india-imbas-kekurangan-tenaga-kerja,"Jerman Getol Impor Pekerja dari India, Imbas Kekurangan Tenaga Kerja",20260326T054500Z,internasional.kompas.com,IND,DEU,0.8754551492631435,0.9246094584465028,0.04915430918335915,0.026236237585544588,0.4,2026-04-01T12:00:50.567578
https://military.china.com/news/13004177/20260326/49356847.html,冯德莱恩反对中国增长模式 外交部回应 望欧方理性看待_军事频道_中华网,20260326T023000Z,military.china.com,DEU,CHN,0.7091946855187417,0.8281124472618102,0.1189177617430687,0.05296983495354653,0.0,2026-04-01T11:55:51.760322
https://baijiahao.baidu.com/s?id=1860637514152919810,吴龙华的  甜蜜烦恼  ,20260326T013000Z,baijiahao.baidu.com,IND,CHN,0.8581183291971684,0.9070326685905457,0.048914339393377304,0.044052958488464355,0.0,2026-04-01T11:59:19.742742
https://www.argusmedia.com/en/news-and-insights/energy-and-commodity-podcasts/turkey-flat-steel-market-trade-shifts-2026,Turkey’s Flat Steel Trade Patterns for 2026,20260326T011500Z,argusmedia.com,IND,GBR,0.5558231249451637,0.7474839687347412,0.19166084378957746,0.060855196416378016,1.0,2026-04-01T12:01:27.311093
https://news.hangzhou.com.cn/jjxw/content/2026-03/26/content_9197107.htm,鲅鱼圈出圈了！走进东北最大的化肥中转枢纽,20260326T004500Z,news.hangzhou.com.cn,IND,HKG,0.7524438306689263,0.848295545578003,0.09585171490907668,0.05585275962948799,0.0,2026-04-01T11:59:53.231887
https://www.cnbc.com/2026/03/26/ikea-has-high-hopes-for-india-as-it-stares-a-global-slowdown.html,Inside India newsletter: Ikea has high hopes for the country as it stares at a global slowdown,20260326T004500Z,cnbc.com,IND,CHN,-0.8807454213500023,0.04845692068338394,0.9292023420333863,0.022340838238596915,1.0,2026-04-01T11:59:19.742805
https://www.freshplaza.com/north-america/article/9823310/interfresh-eurasia-to-take-place-between-8-and-10-september-in-izmir/,Interfresh Eurasia to take place between 8 and 10 September in Izmir,20260325T154500Z,freshplaza.com,IND,SGP,0.1513889238238335,0.5693072855472565,0.417918361723423,0.012774393148720264,0.2,2026-04-01T12:00:29.962126
https://www.thehindubusinessline.com/economy/agri-business/chinas-gmo-rejection-of-indian-rice-trade-dispute-quality-issue-or-something-else/article70783526.ece,"China’s GMO rejection of Indian rice: trade dispute, quality issue, or something else?",20260325T123000Z,thehindubusinessline.com,IND,CHN,0.6168561160564423,0.7250694632530212,0.10821334719657899,0.16671719327569007,1.0,2026-04-01T11:59:19.742714
https://n.yam.com/Article/20260325748074,日本首相高市早苗與川普通話 聚焦台海緊張及美中互動,20260325T113000Z,n.yam.com,CHN,JPN,0.6742920905351639,0.8105241298675537,0.13623203933238984,0.05324380844831467,0.0,2026-04-01T12:06:23.981531
https://www.thecable.ng/non-oil-exporters-fault-policy-gaps-seek-coordinated-system-to-unlock-afcfta-opportunities/,"Non-oil exporters fault policy gaps, seek coordinated system to unlock AfCFTA opportunities",20260325T111500Z,thecable.ng,IND,GBR,-0.7454295016825199,0.1203685186803341,0.865798020362854,0.013833430036902428,1.0,2026-04-01T12:01:27.311103
https://trak.in/stories/argentina-emerges-as-key-provider-of-lpg-as-shipments-double-in-3-months/,Argentina Emerges As Key Provider Of LPG As Shipments Double In 3 Months,20260325T091500Z,trak.in,IND,USA,-0.8933076158165931,0.031031452119350433,0.9243390679359436,0.044629541039466855,1.0,2026-04-01T11:59:14.013044
https://www.prokerala.com/news/articles/a1743231.html,Global crude oil plunges up to 7 pc on ceasefire hopes,20260325T071500Z,prokerala.com,IND,HKG,-0.007535455748438835,0.021972522512078284,0.029507978260517122,0.9485195398330688,0.6,2026-04-01T11:59:53.231910
